mc_samples,pred_time_serial,pred_time_parallel
10,0.6240103244781494,0.09882354736328125
30,1.2998859882354736,0.2865421772003174
60,2.421818971633911,0.6386868953704834
100,4.723276376724243,1.1756527423858643
300,16.052833795547485,3.5622942447662354
600,28.2365460395813,6.310790300369263
1000,43.912739276885986,10.366295099258423
3000,135.09817934036255,31.703529834747314
6000,283.0713965892792,66.85645937919617
10000,515.7996966838837,113.35593318939209
