mc_samples,pred_time_serial,pred_time_parallel
10,0.5898165702819824,0.053084373474121094
30,1.3029098510742188,0.1709575653076172
60,2.0420496463775635,0.33964085578918457
100,3.856342315673828,0.5434684753417969
300,11.430379629135132,1.689328908920288
600,22.813199043273926,3.394904375076294
1000,41.107677936553955,5.6582794189453125
3000,103.48488855361938,17.372256994247437
6000,230.37198424339294,36.97859048843384
10000,431.4640176296234,70.66861891746521
