mc_samples,pred_time_serial,pred_time_parallel
10,0.6989367008209229,0.07252168655395508
30,1.9197618961334229,0.19303464889526367
60,2.411053419113159,0.2399895191192627
100,4.2945191860198975,0.4600820541381836
300,11.945210695266724,1.6269960403442383
600,24.747597217559814,2.5506751537323
1000,42.2421977519989,4.2565765380859375
3000,111.76138973236084,12.999633312225342
6000,218.8293433189392,28.859275579452515
10000,446.5992064476013,51.37540674209595
