mc_samples,pred_time_serial,pred_time_parallel
10,0.5775344371795654,0.21032094955444336
30,1.2163465023040771,0.604041337966919
60,2.4475739002227783,1.4993312358856201
100,4.733163595199585,2.1332929134368896
300,15.205039024353027,6.295015335083008
600,24.95722270011902,12.075307369232178
1000,42.340341567993164,22.798909902572632
3000,125.98041129112244,60.73725652694702
6000,265.7559199333191,140.04125332832336
10000,524.6348848342896,273.3525650501251
