mc_samples,pred_time_serial,pred_time_parallel
10,1.2076208591461182,0.10269355773925781
30,2.3382058143615723,0.2003035545349121
60,3.042633295059204,0.2656362056732178
100,6.224143028259277,0.4405057430267334
300,14.554974555969238,1.3303625583648682
600,33.347387075424194,2.765354871749878
1000,58.32227158546448,4.414997816085815
3000,113.7180507183075,13.898854494094849
6000,238.80929040908813,28.988250255584717
10000,471.0945088863373,57.57040548324585
